{"cameraMode":{"drawMode":0,"name":"Shaded","section":"Shading Mode"},"sceneLighting":false,"audioPlay":false,"sceneViewState":{"showFog":true,"showMaterialUpdate":true,"showSkybox":true,"showFlares":true,"showImageEffects":true,"showParticleSystems":true},"in2DMode":false,"pivot":{"x":54.20158386230469,"y":6.571903228759766,"z":52.379783630371097},"rotation":{"x":0.1815846860408783,"y":-0.7877926230430603,"z":0.520439624786377,"w":0.27486807107925417},"size":61.36585235595703,"orthographic":false}